doi,title,year
10.1000/p01,Attic roosting in Eptesicus fuscus,2019
10.1000/p02,Ectoparasites of eastern red bats,2020
10.1000/p03,Bridge roosts of Myotis lucifugus,2017
10.1000/p04,Foraging behaviour of evening bats,2021
10.1000/p05,Hibernacula surveys in Appalachia,2016
10.1000/p06,Roost competition in Molossus,2019
10.1000/p07,Tent roosts in lowland Costa Rica,2015
10.1000/p08,Vampire bat feeding on livestock,2022
10.1000/p09,Church roof monitoring of pipistrelles,2021
10.1000/p10,Cave sampling of Rousettus,2018
10.1000/p11,A review with no extractable records,2020
